art_id,source_path,r2_object_key,default_cdn_url,sha256,bytes
br01,mobile/assets/kids-stories/br-01.webp,kids-stories/a814ea3c382a628a.webp,https://cdn.vedansh.app/kids-stories/a814ea3c382a628a.webp,a814ea3c382a628a9ef0699defdba2614fe5b0bb4cd889027cf6ea228a710baa,368188
br02,mobile/assets/kids-stories/br-02.webp,kids-stories/104a1169dc818e7a.webp,https://cdn.vedansh.app/kids-stories/104a1169dc818e7a.webp,104a1169dc818e7a15993e9e35de3f21f98de0aa8fe2fd140423ad8255ad8ea5,374600
br03,mobile/assets/kids-stories/br-03.webp,kids-stories/f80ae551d65fd245.webp,https://cdn.vedansh.app/kids-stories/f80ae551d65fd245.webp,f80ae551d65fd245ebd09879254e84ce20d74c64768c54ccbb53789f265622f5,377120
br04,mobile/assets/kids-stories/br-04.webp,kids-stories/2e25cc5203b41667.webp,https://cdn.vedansh.app/kids-stories/2e25cc5203b41667.webp,2e25cc5203b4166745c80d9605ae04db71c4b13f00d46ffef53d60be667ded5f,348516
br05,mobile/assets/kids-stories/br-05.webp,kids-stories/9398aac40cdb5696.webp,https://cdn.vedansh.app/kids-stories/9398aac40cdb5696.webp,9398aac40cdb56962b128964fcc7c7ab3798bbd388def26101461fd297b845f4,355578
br06,mobile/assets/kids-stories/br-06.webp,kids-stories/8556287754c17cef.webp,https://cdn.vedansh.app/kids-stories/8556287754c17cef.webp,8556287754c17cef581f8aa8aea43e78d21a2d917e1565455bc2759dd7f1ac8b,378266
br07,mobile/assets/kids-stories/br-07.webp,kids-stories/8380455f9e1a5a2e.webp,https://cdn.vedansh.app/kids-stories/8380455f9e1a5a2e.webp,8380455f9e1a5a2e0b521ba4dcbe6c2f761ea874139c49a2393a3a0b01480e60,373348
cg01,mobile/assets/kids-stories/cg-01.webp,kids-stories/2b3672dc4af9b885.webp,https://cdn.vedansh.app/kids-stories/2b3672dc4af9b885.webp,2b3672dc4af9b8855d2beff4fd101551403d36b399508e0732d8dd367d9d6ccf,356806
cg02,mobile/assets/kids-stories/cg-02.webp,kids-stories/5470245224e74018.webp,https://cdn.vedansh.app/kids-stories/5470245224e74018.webp,5470245224e74018a544df341a639dc763b97ead5d7b99952b6236da18ac990c,396164
cg03,mobile/assets/kids-stories/cg-03.webp,kids-stories/722c196492c59dfe.webp,https://cdn.vedansh.app/kids-stories/722c196492c59dfe.webp,722c196492c59dfe6ef4f24b08f19967c0ea1762f8c523d5768701a4d2576e88,400304
cg04,mobile/assets/kids-stories/cg-04.webp,kids-stories/234e55f6ef0c244d.webp,https://cdn.vedansh.app/kids-stories/234e55f6ef0c244d.webp,234e55f6ef0c244dbffa5940c59232c0fca5e0daa887e4d7e48985604c4424b1,455234
cg05,mobile/assets/kids-stories/cg-05.webp,kids-stories/a0d119c03244a97d.webp,https://cdn.vedansh.app/kids-stories/a0d119c03244a97d.webp,a0d119c03244a97de8515f9945d965b2c394495a1dc32dfa68310a705e426cbb,355016
dm01,mobile/assets/kids-stories/dm-01.webp,kids-stories/b9f6348ede955fa7.webp,https://cdn.vedansh.app/kids-stories/b9f6348ede955fa7.webp,b9f6348ede955fa7add88d1bffe4625cf3a75a651627d8615f45f99c26f0ec2c,243518
dm02,mobile/assets/kids-stories/dm-02.webp,kids-stories/b4eb8cc457b7be0e.webp,https://cdn.vedansh.app/kids-stories/b4eb8cc457b7be0e.webp,b4eb8cc457b7be0e6bf9d4fd6901e270d33003726e7a77a5841e10a5be536b9d,312786
dm03,mobile/assets/kids-stories/dm-03.webp,kids-stories/51becfe883c29958.webp,https://cdn.vedansh.app/kids-stories/51becfe883c29958.webp,51becfe883c299588d70aee7d9b20923a12c1d0e27415b8857620e3bd6c11909,341046
dm04,mobile/assets/kids-stories/dm-04.webp,kids-stories/576c7e51be8ddd40.webp,https://cdn.vedansh.app/kids-stories/576c7e51be8ddd40.webp,576c7e51be8ddd40f0095f8317f2e5e2628620c2072f4f24a1a0a690585fce74,272716
dm05,mobile/assets/kids-stories/dm-05.webp,kids-stories/a26c49ac7af67af1.webp,https://cdn.vedansh.app/kids-stories/a26c49ac7af67af1.webp,a26c49ac7af67af1b04e0a353221d14472b4681a05f76a6cd71a3c79d02c2bbe,217854
dm06,mobile/assets/kids-stories/dm-06.webp,kids-stories/e4a862e633c6be37.webp,https://cdn.vedansh.app/kids-stories/e4a862e633c6be37.webp,e4a862e633c6be37db475c78a33fa5d62794a56ff56d0b3462fcd3a6abe3ab6e,292458
dm07,mobile/assets/kids-stories/dm-07.webp,kids-stories/8bca7cd6a83d6e31.webp,https://cdn.vedansh.app/kids-stories/8bca7cd6a83d6e31.webp,8bca7cd6a83d6e31a1ba02dd4bfbad09208cf5041b91a55bd95ab5f0d7d6f753,280474
dm08,mobile/assets/kids-stories/dm-08.webp,kids-stories/de69135584017f5c.webp,https://cdn.vedansh.app/kids-stories/de69135584017f5c.webp,de69135584017f5c607997782c2972ec9e35f89ee9312f0a60ea97f26f6b3381,249910
dm09,mobile/assets/kids-stories/dm-09.webp,kids-stories/358db0e590feb317.webp,https://cdn.vedansh.app/kids-stories/358db0e590feb317.webp,358db0e590feb3175d684209fa5aad1e8846bd58e86134e5aac225a773cc3fb0,319984
dm10,mobile/assets/kids-stories/dm-10.webp,kids-stories/cfba587ffa26e123.webp,https://cdn.vedansh.app/kids-stories/cfba587ffa26e123.webp,cfba587ffa26e123c407fe7603f1b0b44b047544107d44e2629bf986a1744909,295082
dm11,mobile/assets/kids-stories/dm-11.webp,kids-stories/6e0b0cb95fa3e0f6.webp,https://cdn.vedansh.app/kids-stories/6e0b0cb95fa3e0f6.webp,6e0b0cb95fa3e0f60c343346bfc2a9c411fad6ecd3887152ec97be729a439e0b,289182
dm12,mobile/assets/kids-stories/dm-12.webp,kids-stories/2db3262d6f5d7bf4.webp,https://cdn.vedansh.app/kids-stories/2db3262d6f5d7bf4.webp,2db3262d6f5d7bf469a166bf1ea087b00a8b293a8ed53c9c4b7a9b6d71438851,282406
kr01,mobile/assets/kids-stories/kr-01.webp,kids-stories/4706acfdcbab8b05.webp,https://cdn.vedansh.app/kids-stories/4706acfdcbab8b05.webp,4706acfdcbab8b057f8b6403f881cea6a0cdf1dba1452b2ce2accb459816d6e4,360534
kr02,mobile/assets/kids-stories/kr-02.webp,kids-stories/e16041683470d351.webp,https://cdn.vedansh.app/kids-stories/e16041683470d351.webp,e16041683470d351d761f6aeb29eb2f8894d078192391606902d90b5488123a8,274906
ku01,mobile/assets/kids-stories/ku-01.webp,kids-stories/cf829526bd3b8988.webp,https://cdn.vedansh.app/kids-stories/cf829526bd3b8988.webp,cf829526bd3b8988f12d1b78594746b0417d74fa5be87baa7d77aecac4c62feb,356090
ku02,mobile/assets/kids-stories/ku-02.webp,kids-stories/fef2864491bad932.webp,https://cdn.vedansh.app/kids-stories/fef2864491bad932.webp,fef2864491bad9324e2122c0cd5ad44b51bfa173af50d6600587a5566c411a93,319982
ku03,mobile/assets/kids-stories/ku-03.webp,kids-stories/278692e4c0bb71bc.webp,https://cdn.vedansh.app/kids-stories/278692e4c0bb71bc.webp,278692e4c0bb71bc58398e03af0771db36a608a40fa3628619dcdfc0eb114ba6,385888
mg01,mobile/assets/kids-stories/mg-01.webp,kids-stories/accf97c09510e413.webp,https://cdn.vedansh.app/kids-stories/accf97c09510e413.webp,accf97c09510e4136da2eb31dadae8506b0715cc150e61e5df2f110a8f81344e,389790
mg02,mobile/assets/kids-stories/mg-02.webp,kids-stories/5933c9e895e436a1.webp,https://cdn.vedansh.app/kids-stories/5933c9e895e436a1.webp,5933c9e895e436a100fa26338cb3a0d11f108c0e8b9eddba7970a4231039788e,416196
mg03,mobile/assets/kids-stories/mg-03.webp,kids-stories/52d829c8945082ab.webp,https://cdn.vedansh.app/kids-stories/52d829c8945082ab.webp,52d829c8945082ab4ce8e07df7dc12bf8267829d291fed17669a09f7287d42ea,328538
mg04,mobile/assets/kids-stories/mg-04.webp,kids-stories/ffd22ea1a4ddca0f.webp,https://cdn.vedansh.app/kids-stories/ffd22ea1a4ddca0f.webp,ffd22ea1a4ddca0ff3bbe7aee91f6b2f8592cfeb819034bb3d5c9aa7f01d4547,341726
mg05,mobile/assets/kids-stories/mg-05.webp,kids-stories/f4563514fe959a91.webp,https://cdn.vedansh.app/kids-stories/f4563514fe959a91.webp,f4563514fe959a911837767ec96a173933b37d5a0352f5feac2d854d49482a83,361586
mg06,mobile/assets/kids-stories/mg-06.webp,kids-stories/5cbafa7e4bb1c0c9.webp,https://cdn.vedansh.app/kids-stories/5cbafa7e4bb1c0c9.webp,5cbafa7e4bb1c0c9cf155de444e9d468ab843ae27aa3e0ec42b8ba67a86d8701,276810
mg07,mobile/assets/kids-stories/mg-07.webp,kids-stories/14036667dfa11eb0.webp,https://cdn.vedansh.app/kids-stories/14036667dfa11eb0.webp,14036667dfa11eb0f1d34f81454031767fe281c1664f05c547c3e1d710ccfed8,314476
nv01,mobile/assets/kids-stories/nv-01.webp,kids-stories/de0f51aac80f7b04.webp,https://cdn.vedansh.app/kids-stories/de0f51aac80f7b04.webp,de0f51aac80f7b048b3337588345789eaa4ca5a06984dd19692f64d7db3cbbc8,297676
nv02,mobile/assets/kids-stories/nv-02.webp,kids-stories/942461738e5146ce.webp,https://cdn.vedansh.app/kids-stories/942461738e5146ce.webp,942461738e5146ce9de3adb6f9e0ba35b4ff63e1696a13d129a3622ca34059c2,332740
nv03,mobile/assets/kids-stories/nv-03.webp,kids-stories/3275964e48523d2e.webp,https://cdn.vedansh.app/kids-stories/3275964e48523d2e.webp,3275964e48523d2e1b72e3fa3b5dcccc4ff7d11fc2d697c61dbf43b56997adfc,385104
rb01,mobile/assets/kids-stories/rb-01.webp,kids-stories/cd0877494ba816bd.webp,https://cdn.vedansh.app/kids-stories/cd0877494ba816bd.webp,cd0877494ba816bdd3cd6aed434fafbdfc97808ea253217f32f8afa353077795,287990
rb02,mobile/assets/kids-stories/rb-02.webp,kids-stories/b3a9dffcb3560663.webp,https://cdn.vedansh.app/kids-stories/b3a9dffcb3560663.webp,b3a9dffcb3560663cb7441c97b2ce12e2e82e9bf306d2e9b86ff959e7ad4a9c6,328164
rb03,mobile/assets/kids-stories/rb-03.webp,kids-stories/e304c816ebbceaa4.webp,https://cdn.vedansh.app/kids-stories/e304c816ebbceaa4.webp,e304c816ebbceaa4b2f5d2f46fea3d2252c0239654b5372e71ed15932b31e2ab,367478
rb04,mobile/assets/kids-stories/rb-04.webp,kids-stories/37898478d014a185.webp,https://cdn.vedansh.app/kids-stories/37898478d014a185.webp,37898478d014a18531c625fef30730bd4d71a21e4f3aae22292a3c2ab472a668,287552
rb05,mobile/assets/kids-stories/rb-05.webp,kids-stories/9582abe944629dbd.webp,https://cdn.vedansh.app/kids-stories/9582abe944629dbd.webp,9582abe944629dbda0899ce60b9cdafa02b6b055a3d076ae2f9d57e678bea935,347732
rb06,mobile/assets/kids-stories/rb-06.webp,kids-stories/8885d4c68cc03cfb.webp,https://cdn.vedansh.app/kids-stories/8885d4c68cc03cfb.webp,8885d4c68cc03cfb7873b70aa5060839963392564bd925c7f2311510300fa519,379448
rb07,mobile/assets/kids-stories/rb-07.webp,kids-stories/dc8ab536245261bb.webp,https://cdn.vedansh.app/kids-stories/dc8ab536245261bb.webp,dc8ab536245261bb3d45ad4ea5ed8fed4203a702fc29a4a9faef01322fcbaea9,322790
sa01,mobile/assets/kids-stories/sa-01.webp,kids-stories/d3d2669ebac575ef.webp,https://cdn.vedansh.app/kids-stories/d3d2669ebac575ef.webp,d3d2669ebac575ef6885e8a6a3cde2cdbc0a95b8911b3f4384933bc7adc454b2,327538
sa02,mobile/assets/kids-stories/sa-02.webp,kids-stories/3c5e9a16ed696005.webp,https://cdn.vedansh.app/kids-stories/3c5e9a16ed696005.webp,3c5e9a16ed696005b32bdcc5aeff4034013eaee8366b9294b701bbc2bcc9da39,350252
sa03,mobile/assets/kids-stories/sa-03.webp,kids-stories/a287fa72c19ed97b.webp,https://cdn.vedansh.app/kids-stories/a287fa72c19ed97b.webp,a287fa72c19ed97bdcd5873c121d1ae4e0f8859c613ed4ac3b842e25f0af1d8c,385068
sa04,mobile/assets/kids-stories/sa-04.webp,kids-stories/6128d1e7ca6c1f7e.webp,https://cdn.vedansh.app/kids-stories/6128d1e7ca6c1f7e.webp,6128d1e7ca6c1f7e578ead18dfc4a803d80ec6f4a62212e9b3808179adc2a19e,454256
sa05,mobile/assets/kids-stories/sa-05.webp,kids-stories/3a99d197a02c6ceb.webp,https://cdn.vedansh.app/kids-stories/3a99d197a02c6ceb.webp,3a99d197a02c6ceb5a4d4e2dc3c1fc8d758da83044963f3f173590eceac6fb8e,424618
sa06,mobile/assets/kids-stories/sa-06.webp,kids-stories/4f2704c74ee707aa.webp,https://cdn.vedansh.app/kids-stories/4f2704c74ee707aa.webp,4f2704c74ee707aafd747b0ff9b07761a5850ff4742580b4ba76cae5a49a1141,417326
sa07,mobile/assets/kids-stories/sa-07.webp,kids-stories/8051c24b30038201.webp,https://cdn.vedansh.app/kids-stories/8051c24b30038201.webp,8051c24b30038201db8629ef4a0628b7811770dcedaa38f02c72fca011b687e1,372704
sa08,mobile/assets/kids-stories/sa-08.webp,kids-stories/b813a5c986a826f2.webp,https://cdn.vedansh.app/kids-stories/b813a5c986a826f2.webp,b813a5c986a826f2288cf0d423c3620706f778d5d1989bfdeadc1a9199852263,412848
si01,mobile/assets/kids-stories/si-01.webp,kids-stories/f3a8ebd71f943aac.webp,https://cdn.vedansh.app/kids-stories/f3a8ebd71f943aac.webp,f3a8ebd71f943aac04017a8e7a5de4175dbd8f099067fd4e1967a4dcdf9e1f41,271706
si02,mobile/assets/kids-stories/si-02.webp,kids-stories/304cfe7d23dc4bd7.webp,https://cdn.vedansh.app/kids-stories/304cfe7d23dc4bd7.webp,304cfe7d23dc4bd7682aa9686c2a592e964d69566d8f98a71fa82f2fdb07d9de,367422
si03,mobile/assets/kids-stories/si-03.webp,kids-stories/4affce61b776533c.webp,https://cdn.vedansh.app/kids-stories/4affce61b776533c.webp,4affce61b776533cc2e882ba98622ee3d046f2d4fa5a753b724d9f4d6b969752,405314
sk01,mobile/assets/kids-stories/sk-01.webp,kids-stories/54a416aa5e02d2f8.webp,https://cdn.vedansh.app/kids-stories/54a416aa5e02d2f8.webp,54a416aa5e02d2f84c0a552404c5ef081f095c192a89b7c02671e60b4eb4b5b7,409590
sk02,mobile/assets/kids-stories/sk-02.webp,kids-stories/d724261018c7d3e9.webp,https://cdn.vedansh.app/kids-stories/d724261018c7d3e9.webp,d724261018c7d3e9627a38c6b5b16c680fcd7243e866b2c02db2b1623f37c082,411824
sk03,mobile/assets/kids-stories/sk-03.webp,kids-stories/8ade04f9738b6cb1.webp,https://cdn.vedansh.app/kids-stories/8ade04f9738b6cb1.webp,8ade04f9738b6cb17ea1acbc8313d3f45fea78d42dbe0a60dc60d4ae09359121,433358
sk04,mobile/assets/kids-stories/sk-04.webp,kids-stories/a4c6d56f7ad21192.webp,https://cdn.vedansh.app/kids-stories/a4c6d56f7ad21192.webp,a4c6d56f7ad21192cf067493d5afb6058837ead5c2a0242b19ec98f45e8cdfc5,293086
sk05,mobile/assets/kids-stories/sk-05.webp,kids-stories/4e4f75e910e618e9.webp,https://cdn.vedansh.app/kids-stories/4e4f75e910e618e9.webp,4e4f75e910e618e989e563897c4bb1f36d004c64bc91047065d7ac7e2ab130bc,292492
sn01,mobile/assets/kids-stories/sn-01.webp,kids-stories/d1825a88b72885f5.webp,https://cdn.vedansh.app/kids-stories/d1825a88b72885f5.webp,d1825a88b72885f51b509a6f79a21d2a3a9a85f142b7a93e64b5da95e00d94eb,365502
sn02,mobile/assets/kids-stories/sn-02.webp,kids-stories/0c91623f1c5ec091.webp,https://cdn.vedansh.app/kids-stories/0c91623f1c5ec091.webp,0c91623f1c5ec091f78725477fdfebbf260e49b37c01eca9386722c8c59b92a9,318020
sn03,mobile/assets/kids-stories/sn-03.webp,kids-stories/ca2e23ca7acf4274.webp,https://cdn.vedansh.app/kids-stories/ca2e23ca7acf4274.webp,ca2e23ca7acf4274c43d9ed5f5c934042be5ef99a6b715bb740e0b3428d50f49,280506
sn04,mobile/assets/kids-stories/sn-04.webp,kids-stories/409aa3304353321f.webp,https://cdn.vedansh.app/kids-stories/409aa3304353321f.webp,409aa3304353321f004bbd6a9f5fb87f066cc3de091c851f612b697f50d59be1,312588
sn05,mobile/assets/kids-stories/sn-05.webp,kids-stories/3894c816d24b13ca.webp,https://cdn.vedansh.app/kids-stories/3894c816d24b13ca.webp,3894c816d24b13ca53c3db2d04cdc7d2183dfeedfdd1d6cb9a28851b5db8d19a,332426
sn06,mobile/assets/kids-stories/sn-06.webp,kids-stories/5754c46e4b6e60cb.webp,https://cdn.vedansh.app/kids-stories/5754c46e4b6e60cb.webp,5754c46e4b6e60cb7a233685897ed67f2318a262990893b775fc55797fff7483,351574
sn07,mobile/assets/kids-stories/sn-07.webp,kids-stories/f148dd320f809865.webp,https://cdn.vedansh.app/kids-stories/f148dd320f809865.webp,f148dd320f8098658e3eec6e1eb5c346bebaca7064672e617bb9ad121a6fba2c,312672
sn08,mobile/assets/kids-stories/sn-08.webp,kids-stories/3f9eaf79303ed254.webp,https://cdn.vedansh.app/kids-stories/3f9eaf79303ed254.webp,3f9eaf79303ed2543040390222a5aaf5a5dafbd7f93a80d7888cf6a6dabb9c25,331492
sn09,mobile/assets/kids-stories/sn-09.webp,kids-stories/6605f130b3b4189a.webp,https://cdn.vedansh.app/kids-stories/6605f130b3b4189a.webp,6605f130b3b4189acfbe183d06501b085118c67b19880c3a5d5f647979f70360,276952
sn10,mobile/assets/kids-stories/sn-10.webp,kids-stories/5adc63836e31edb2.webp,https://cdn.vedansh.app/kids-stories/5adc63836e31edb2.webp,5adc63836e31edb242bd4a73d892fbd1046d835cd1ea21c719fec2422d1249d9,287510
sn11,mobile/assets/kids-stories/sn-11.webp,kids-stories/dc57dab27bbce1cf.webp,https://cdn.vedansh.app/kids-stories/dc57dab27bbce1cf.webp,dc57dab27bbce1cf8a1f3972c7137f4e9832b867aca2c5104b6af5392ae67d94,378414
sn12,mobile/assets/kids-stories/sn-12.webp,kids-stories/a6bdb5ddf30336b5.webp,https://cdn.vedansh.app/kids-stories/a6bdb5ddf30336b5.webp,a6bdb5ddf30336b5e8d7576517a0448b76bc49105c9a517f0c2ed92901f77e10,298824
sn13,mobile/assets/kids-stories/sn-13.webp,kids-stories/dd048504f52a14ad.webp,https://cdn.vedansh.app/kids-stories/dd048504f52a14ad.webp,dd048504f52a14ad441d379e63e059a5237188171579e431198de84f9855b696,299862
sn14,mobile/assets/kids-stories/sn-14.webp,kids-stories/49c4388db2197504.webp,https://cdn.vedansh.app/kids-stories/49c4388db2197504.webp,49c4388db2197504b3fe92180b65100c2cda63095ca746ad02425e6f4aa49eb0,344934
sp01,mobile/assets/kids-stories/sp-01.webp,kids-stories/3764a74f8dbe1e15.webp,https://cdn.vedansh.app/kids-stories/3764a74f8dbe1e15.webp,3764a74f8dbe1e157c230529a3f7857ebda8c1614e2feac11f26014637dc2990,382116
sp02,mobile/assets/kids-stories/sp-02.webp,kids-stories/a3a486e7d51a78c8.webp,https://cdn.vedansh.app/kids-stories/a3a486e7d51a78c8.webp,a3a486e7d51a78c8ca72d44534614309e6fdd339f54b6efa5f8e5fd900e99492,297150
sp03,mobile/assets/kids-stories/sp-03.webp,kids-stories/aef480e276677349.webp,https://cdn.vedansh.app/kids-stories/aef480e276677349.webp,aef480e276677349638c81a96a04eeed10eb8518e61723cb5de5e45cbd64ddab,357590
sp04,mobile/assets/kids-stories/sp-04.webp,kids-stories/e20e50340d46896e.webp,https://cdn.vedansh.app/kids-stories/e20e50340d46896e.webp,e20e50340d46896e4930901f986dec46fee4b97e46a118157792ba1b06439287,314658
su01,mobile/assets/kids-stories/su-01.webp,kids-stories/84d232892fa582fe.webp,https://cdn.vedansh.app/kids-stories/84d232892fa582fe.webp,84d232892fa582fe4b79e7360c605f46e880c4a2b72bef8d75ad583d242b1459,344724
su02,mobile/assets/kids-stories/su-02.webp,kids-stories/6eb43e0c185e59d4.webp,https://cdn.vedansh.app/kids-stories/6eb43e0c185e59d4.webp,6eb43e0c185e59d4edb55476bdb2a2734b76caa7bb8af332e2d4057387c847b0,368034
su03,mobile/assets/kids-stories/su-03.webp,kids-stories/2385d68fc8d7b563.webp,https://cdn.vedansh.app/kids-stories/2385d68fc8d7b563.webp,2385d68fc8d7b563679adac0c05080d6e3a488ce1ac35912814e0033f44d21da,340088
su04,mobile/assets/kids-stories/su-04.webp,kids-stories/9bb09ef8458c573b.webp,https://cdn.vedansh.app/kids-stories/9bb09ef8458c573b.webp,9bb09ef8458c573ba33940178e45433c127b5e728754efe841b4ea1ed08b4703,388708
su05,mobile/assets/kids-stories/su-05.webp,kids-stories/9a2390db3b711bb1.webp,https://cdn.vedansh.app/kids-stories/9a2390db3b711bb1.webp,9a2390db3b711bb1841b6567f8451984a7280edce278de675f68e7675030e9f4,324434
su06,mobile/assets/kids-stories/su-06.webp,kids-stories/b74021e9887443c7.webp,https://cdn.vedansh.app/kids-stories/b74021e9887443c7.webp,b74021e9887443c7414892fbbce731dc477e17ccf649f0f9bc4d69049daae562,268544
su07,mobile/assets/kids-stories/su-07.webp,kids-stories/335a51f8170520af.webp,https://cdn.vedansh.app/kids-stories/335a51f8170520af.webp,335a51f8170520af9a9b43c471cfce309d8ba4d1e557883f3c46537583160604,298542
